ERS1571987	ERP021705
ERS1571988	ERP021705
ERS1571989	ERP021705
ERS1571990	ERP021705
ERS1571991	ERP021705
ERS1571992	ERP021705
ERS1571993	ERP021705
ERS1571994	ERP021705
ERS1571995	ERP021705
ERS1571996	ERP021705
ERS1571997	ERP021705
ERS1571998	ERP021705
ERS1571999	ERP021705
ERS1572000	ERP021705
ERS1572001	ERP021705
ERS1572002	ERP021705
ERS1572003	ERP021705
ERS1572004	ERP021705
ERS1572005	ERP021705
ERS1572006	ERP021705
ERS1572007	ERP021705
ERS1572008	ERP021705
ERS1572009	ERP021705
ERS1572010	ERP021705
ERS1572011	ERP021705
ERS1572012	ERP021705
ERS1572013	ERP021705
ERS1572014	ERP021705
ERS1572015	ERP021705
ERS1572016	ERP021705
ERS1572017	ERP021705
ERS1572018	ERP021705
ERS1572019	ERP021705
ERS1572020	ERP021705
ERS1572021	ERP021705
ERS1572022	ERP021705
ERS1572023	ERP021705
ERS1572024	ERP021705
ERS1572025	ERP021705
ERS1572026	ERP021705
ERS1572027	ERP021705
ERS1572028	ERP021705
ERS1572029	ERP021705
ERS1572030	ERP021705
ERS1572031	ERP021705
ERS1572032	ERP021705
ERS1572033	ERP021705
ERS1572034	ERP021705
ERS1572035	ERP021705
ERS1572036	ERP021705
ERS1572037	ERP021705
ERS1572038	ERP021705
ERS1572039	ERP021705
ERS1572040	ERP021705
ERS1572041	ERP021705
ERS1572042	ERP021705
ERS1572043	ERP021705
ERS1572044	ERP021705
ERS1572045	ERP021705
ERS1572046	ERP021705
ERS1572047	ERP021705
ERS1572048	ERP021705
ERS1572049	ERP021705
ERS1572050	ERP021705
ERS1572051	ERP021705
ERS1572052	ERP021705
ERS1572053	ERP021705
ERS1572054	ERP021705
ERS1572055	ERP021705
ERS1572056	ERP021705
ERS1572057	ERP021705
ERS1572058	ERP021705
ERS1572059	ERP021705
ERS1572060	ERP021705
ERS1572061	ERP021705
ERS1572062	ERP021705
ERS1572063	ERP021705
ERS1572064	ERP021705
ERS1572065	ERP021705
ERS1572066	ERP021705
ERS1572067	ERP021705
ERS1572068	ERP021705
ERS1572069	ERP021705
ERS1572070	ERP021705
ERS1572071	ERP021705
ERS1572072	ERP021705
ERS1572073	ERP021705
ERS1572074	ERP021705
ERS1572075	ERP021705
ERS1572076	ERP021705
ERS1572077	ERP021705
ERS1572078	ERP021705
ERS1572079	ERP021705
ERS1572080	ERP021705
ERS1572081	ERP021705
ERS1572082	ERP021705
ERS1572083	ERP021705
ERS1572084	ERP021705
ERS1572085	ERP021705
ERS1572086	ERP021705
ERS1572087	ERP021705
ERS1572088	ERP021705
ERS1572089	ERP021705
ERS1572090	ERP021705
ERS1572091	ERP021705
ERS1572092	ERP021705
ERS1572093	ERP021705
ERS1572094	ERP021705
ERS1572095	ERP021705
ERS1572096	ERP021705
ERS1572097	ERP021705
ERS1572098	ERP021705
ERS1572099	ERP021705
